{"cameraMode":{"drawMode":0,"name":"Shaded","section":"Shading Mode"},"sceneLighting":true,"audioPlay":false,"sceneViewState":{"showFog":false,"showMaterialUpdate":false,"showSkybox":false,"showFlares":false,"showImageEffects":false,"showParticleSystems":true},"in2DMode":false,"pivot":{"x":0.3766813278198242,"y":6.11246395111084,"z":-19.015291213989259},"rotation":{"x":0.061624735593795779,"y":0.7023162245750427,"z":-0.06125614419579506,"w":0.7065423727035523},"size":10.245096206665039,"orthographic":false}