{"cameraMode":{"drawMode":0,"name":"Shaded","section":"Shading Mode"},"sceneLighting":true,"audioPlay":false,"sceneViewState":{"showFog":true,"showMaterialUpdate":false,"showSkybox":true,"showFlares":true,"showImageEffects":true,"showParticleSystems":true},"in2DMode":false,"pivot":{"x":127.98957824707031,"y":-26.94677734375,"z":-101.21397399902344},"rotation":{"x":0.2033383697271347,"y":0.232436403632164,"z":-0.04976009577512741,"w":0.9498176574707031},"size":206.3110809326172,"orthographic":false}