{"cameraMode":{"drawMode":0,"name":"Shaded","section":"Shading Mode"},"sceneLighting":true,"audioPlay":false,"sceneViewState":{"showFog":false,"showMaterialUpdate":true,"showSkybox":true,"showFlares":true,"showImageEffects":true,"showParticleSystems":true},"in2DMode":false,"pivot":{"x":1480.173095703125,"y":807.0897216796875,"z":4152.607421875},"rotation":{"x":0.0008667068905197084,"y":-0.9974942803382874,"z":-0.07103674113750458,"w":-0.009649754501879216},"size":2270.7783203125,"orthographic":false}